timestamp,frame_quality,compression_ratio,resolution,bit_depth
2023-01-01 00:00:00.000,0.7973169889167009,0.5173344242268103,3840x2160,10
2023-01-01 00:00:00.001,0.7031717558102363,0.20689121536282987,1280x720,10
2023-01-01 00:00:00.002,0.730070962959732,0.11603291389403242,1280x720,8
2023-01-01 00:00:00.003,0.8432872411911799,0.18071842313157527,1280x720,10
2023-01-01 00:00:00.004,0.8012141457645335,0.7809542254745808,1920x1080,12
2023-01-01 00:00:00.005,0.7919152974519434,0.37762076708492853,3840x2160,8
2023-01-01 00:00:00.006,0.9097808668882396,0.8977205339511709,1920x1080,12
2023-01-01 00:00:00.007,0.9474977277935202,0.8499921930819996,1280x720,8
2023-01-01 00:00:00.008,0.7351832730225597,0.7661128177116242,1920x1080,10
2023-01-01 00:00:00.009,0.7466470884522874,0.6120468984687553,1280x720,12
2023-01-01 00:00:00.010,0.7440142330480336,0.16180521043602036,1280x720,12
2023-01-01 00:00:00.011,0.891396417602573,0.5795900398297813,3840x2160,12
2023-01-01 00:00:00.012,0.850064459491945,0.5838369675482697,3840x2160,12
2023-01-01 00:00:00.013,0.8935336576756472,0.3639491250118472,1920x1080,12
2023-01-01 00:00:00.014,0.7735217768916929,0.46803843152914826,3840x2160,12
2023-01-01 00:00:00.015,0.7711976051183771,0.8985178739832339,1920x1080,12
2023-01-01 00:00:00.016,0.8790383808343661,0.7522174260322699,1920x1080,10
2023-01-01 00:00:00.017,0.7585605563690275,0.4593604647216596,1280x720,8
2023-01-01 00:00:00.018,0.7792143726602301,0.31603421087028294,1280x720,8
2023-01-01 00:00:00.019,0.768864088718571,0.3436806886171828,1280x720,12
2023-01-01 00:00:00.020,0.8721791551623922,0.4414091846074185,3840x2160,10
2023-01-01 00:00:00.021,0.8161521852671592,0.5197289470365962,1280x720,12
2023-01-01 00:00:00.022,0.9413704009679461,0.5009855818740439,1280x720,12
2023-01-01 00:00:00.023,0.7081891308830421,0.7922370602173775,1280x720,12
2023-01-01 00:00:00.024,0.9669605401045211,0.6243814429307706,1920x1080,10
2023-01-01 00:00:00.025,0.7298359031613132,0.6200914894319609,1280x720,8
2023-01-01 00:00:00.026,0.7115896257855864,0.6799994812661867,1280x720,12
2023-01-01 00:00:00.027,0.7732001914366909,0.20368399072065896,1280x720,8
2023-01-01 00:00:00.028,0.8648094327450071,0.269349438753699,3840x2160,10
2023-01-01 00:00:00.029,0.9976335344582394,0.49531241019084093,3840x2160,12
2023-01-01 00:00:00.030,0.9584548894070841,0.2529943712083121,1920x1080,10
2023-01-01 00:00:00.031,0.8964112129269315,0.7839376862879041,3840x2160,8
2023-01-01 00:00:00.032,0.8735037408988529,0.5460561467556176,1920x1080,12
2023-01-01 00:00:00.033,0.971988337469792,0.20073186834322396,3840x2160,8
2023-01-01 00:00:00.034,0.7618584736913322,0.6418383205232697,1920x1080,10
2023-01-01 00:00:00.035,0.8541085503662152,0.3446206819590517,3840x2160,12
2023-01-01 00:00:00.036,0.9238974337343984,0.34880485300449215,1280x720,12
2023-01-01 00:00:00.037,0.7416475349867189,0.8721764308779278,3840x2160,12
2023-01-01 00:00:00.038,0.7729416032330035,0.7115627421446229,3840x2160,12
2023-01-01 00:00:00.039,0.8956301793797469,0.7648621479507655,3840x2160,10
2023-01-01 00:00:00.040,0.8820689302559546,0.8036942404183597,1920x1080,12
2023-01-01 00:00:00.041,0.9365873220552534,0.4196526579048724,3840x2160,10
2023-01-01 00:00:00.042,0.9037489184497106,0.1404800513550038,3840x2160,10
2023-01-01 00:00:00.043,0.8076891600638939,0.10882414601619637,1280x720,8
2023-01-01 00:00:00.044,0.8374596617749909,0.38920240209329904,3840x2160,8
2023-01-01 00:00:00.045,0.9125667030867866,0.5825366970416747,1920x1080,8
2023-01-01 00:00:00.046,0.9857474478495893,0.6224376559325777,1280x720,12
2023-01-01 00:00:00.047,0.993819672291496,0.4968648457611756,1920x1080,10
2023-01-01 00:00:00.048,0.8448652572206647,0.3256941934316985,1920x1080,8
2023-01-01 00:00:00.049,0.7030083427638452,0.7435283452188011,3840x2160,12
2023-01-01 00:00:00.050,0.8918489130244637,0.32696742966344516,1280x720,10
2023-01-01 00:00:00.051,0.7032247554727576,0.4628102179269903,3840x2160,12
2023-01-01 00:00:00.052,0.8009385414569569,0.6505653912161586,1280x720,12
2023-01-01 00:00:00.053,0.9446444809248972,0.49368144138751446,1920x1080,10
2023-01-01 00:00:00.054,0.9619752530696165,0.6791188733314979,3840x2160,10
2023-01-01 00:00:00.055,0.7027762087545109,0.602480414718146,1280x720,10
2023-01-01 00:00:00.056,0.9001333401930214,0.8076767058015771,3840x2160,12
2023-01-01 00:00:00.057,0.8732443514089729,0.3714233973836448,3840x2160,10
2023-01-01 00:00:00.058,0.8298463261919127,0.5729436181660769,1920x1080,10
2023-01-01 00:00:00.059,0.8375236877663286,0.3633092154251525,3840x2160,12
2023-01-01 00:00:00.060,0.7435064661894646,0.21179953672239843,1280x720,12
2023-01-01 00:00:00.061,0.974606925723681,0.19735793461195528,1280x720,10
2023-01-01 00:00:00.062,0.9939112599520741,0.6540510818471481,1920x1080,12
2023-01-01 00:00:00.063,0.9789287142666829,0.7689185003791622,3840x2160,12
2023-01-01 00:00:00.064,0.959920332582926,0.25003010345264426,3840x2160,8
2023-01-01 00:00:00.065,0.9003120155238806,0.3434499053065344,3840x2160,12
2023-01-01 00:00:00.066,0.7889815433838442,0.19775067114218237,1280x720,10
2023-01-01 00:00:00.067,0.7768832258139903,0.3266013657694439,1280x720,12
2023-01-01 00:00:00.068,0.7353037204647851,0.2506328495783484,3840x2160,8
2023-01-01 00:00:00.069,0.8415390424144963,0.3505925259551129,1280x720,10
2023-01-01 00:00:00.070,0.9691197200311426,0.2664625376375083,1920x1080,12
2023-01-01 00:00:00.071,0.7078146883567559,0.34435387552736374,3840x2160,12
2023-01-01 00:00:00.072,0.9724582565502433,0.22079773996810506,3840x2160,10
2023-01-01 00:00:00.073,0.8529307826172082,0.36847936207039644,1280x720,12
2023-01-01 00:00:00.074,0.7571019072173588,0.603111391601515,3840x2160,12
2023-01-01 00:00:00.075,0.9918239607772295,0.7229358510057005,1920x1080,8
2023-01-01 00:00:00.076,0.8602723377298169,0.5608119802396673,3840x2160,8
2023-01-01 00:00:00.077,0.7473142391634473,0.6992540156699687,3840x2160,12
2023-01-01 00:00:00.078,0.769936634891858,0.20854494492867115,1920x1080,10
2023-01-01 00:00:00.079,0.9789555477932035,0.3085520854393936,1920x1080,10
2023-01-01 00:00:00.080,0.9054038406753142,0.3656338013448245,3840x2160,12
2023-01-01 00:00:00.081,0.856325461627727,0.24108892143243113,3840x2160,10
2023-01-01 00:00:00.082,0.7965716008424895,0.7202158791159782,1920x1080,10
2023-01-01 00:00:00.083,0.7304333144494236,0.5794791912736504,1920x1080,10
2023-01-01 00:00:00.084,0.7524351794704275,0.32532808191073426,1920x1080,10
2023-01-01 00:00:00.085,0.8978014089641846,0.606250701773521,1920x1080,12
2023-01-01 00:00:00.086,0.9198252135497993,0.4749592242651398,1280x720,12
2023-01-01 00:00:00.087,0.8965866592035631,0.8812371465296458,1920x1080,12
2023-01-01 00:00:00.088,0.9947211307984962,0.4702661296838849,3840x2160,12
2023-01-01 00:00:00.089,0.9189391833709744,0.17444031743971877,1920x1080,10
2023-01-01 00:00:00.090,0.7934702366601627,0.5618900770645542,1920x1080,10
2023-01-01 00:00:00.091,0.9217284444429252,0.154567328199433,1920x1080,12
2023-01-01 00:00:00.092,0.8112713909429571,0.7307612810547424,3840x2160,12
2023-01-01 00:00:00.093,0.7758120842156885,0.2213915792418315,1280x720,12
2023-01-01 00:00:00.094,0.930453972546607,0.3034078922118636,3840x2160,10
2023-01-01 00:00:00.095,0.7330343239646863,0.47764226143433486,3840x2160,8
2023-01-01 00:00:00.096,0.9798444763588156,0.8380192575624622,1280x720,10
2023-01-01 00:00:00.097,0.7031242692681005,0.826939539319726,1280x720,10
2023-01-01 00:00:00.098,0.7459022304635201,0.28752289453704993,3840x2160,10
2023-01-01 00:00:00.099,0.8208120671043811,0.10710352819119358,3840x2160,10
2023-01-01 00:00:00.100,0.9541113179297861,0.19591804814909075,3840x2160,12
2023-01-01 00:00:00.101,0.7361633750852341,0.7361463507802021,1920x1080,10
2023-01-01 00:00:00.102,0.7348044669231993,0.816938834195591,3840x2160,8
2023-01-01 00:00:00.103,0.9698079014245111,0.6984858347639118,3840x2160,8
2023-01-01 00:00:00.104,0.8997524935062708,0.2642645730267068,3840x2160,8
2023-01-01 00:00:00.105,0.9971408438024278,0.6992776170048016,3840x2160,12
2023-01-01 00:00:00.106,0.7981889715026683,0.2259759036219051,3840x2160,10
2023-01-01 00:00:00.107,0.910987689708023,0.6970685366332858,1920x1080,12
2023-01-01 00:00:00.108,0.9249454644320021,0.5255612587077388,1920x1080,12
2023-01-01 00:00:00.109,0.7420080116161003,0.15721500055313095,3840x2160,12
2023-01-01 00:00:00.110,0.7124878966854565,0.4089361770332517,1280x720,8
2023-01-01 00:00:00.111,0.8335558908830655,0.8544384382150988,1280x720,12
2023-01-01 00:00:00.112,0.7944855234406574,0.24434460749189688,1280x720,10
2023-01-01 00:00:00.113,0.7230103310498617,0.5053026504883202,1280x720,8
2023-01-01 00:00:00.114,0.7850194948844745,0.717996737123961,3840x2160,8
2023-01-01 00:00:00.115,0.9975631530295779,0.7129897016328857,3840x2160,12
2023-01-01 00:00:00.116,0.874161586386431,0.8269326856355823,1920x1080,12
2023-01-01 00:00:00.117,0.8359873245767404,0.12550292864586396,1280x720,10
2023-01-01 00:00:00.118,0.7238358920118674,0.19519682562427107,3840x2160,12
2023-01-01 00:00:00.119,0.8923067374575676,0.8681173282352691,1280x720,8
2023-01-01 00:00:00.120,0.7412527655106261,0.25585088446062915,3840x2160,8
2023-01-01 00:00:00.121,0.8013240299765821,0.8818726222299816,1920x1080,8
2023-01-01 00:00:00.122,0.8986310992621163,0.5432198660193448,1920x1080,8
2023-01-01 00:00:00.123,0.7803260281600041,0.5605797080599134,1920x1080,8
2023-01-01 00:00:00.124,0.7739785142063013,0.6910568207315796,1280x720,10
2023-01-01 00:00:00.125,0.8042211236981803,0.7921449700974822,1280x720,8
2023-01-01 00:00:00.126,0.7969972634885107,0.16569609463652082,1920x1080,10
2023-01-01 00:00:00.127,0.8389260454098473,0.24247361692663968,1920x1080,12
2023-01-01 00:00:00.128,0.9355219650918187,0.7752058541042147,1920x1080,8
2023-01-01 00:00:00.129,0.7202899249062595,0.482860215054836,3840x2160,8
2023-01-01 00:00:00.130,0.8936969342601084,0.6094468257124207,1280x720,8
2023-01-01 00:00:00.131,0.7919053356709566,0.16536092327548452,1920x1080,8
2023-01-01 00:00:00.132,0.7516913710589613,0.8112431214674668,3840x2160,10
2023-01-01 00:00:00.133,0.7009474156961181,0.33561295952073944,1920x1080,10
2023-01-01 00:00:00.134,0.8966211021568272,0.4462584984229795,1920x1080,10
2023-01-01 00:00:00.135,0.8092722397344214,0.42086604590494825,3840x2160,12
2023-01-01 00:00:00.136,0.7329973924121905,0.37625577679990585,3840x2160,8
2023-01-01 00:00:00.137,0.9405858767159287,0.38843885778852394,3840x2160,12
2023-01-01 00:00:00.138,0.8214486780794347,0.600792431108272,1920x1080,8
2023-01-01 00:00:00.139,0.8111509852024413,0.7887639607840999,1920x1080,8
2023-01-01 00:00:00.140,0.8507491574981819,0.3886295669901194,1280x720,12
2023-01-01 00:00:00.141,0.8398850764416554,0.8262099029364239,1920x1080,12
2023-01-01 00:00:00.142,0.7490654786716942,0.44410227322102025,1920x1080,10
2023-01-01 00:00:00.143,0.9423453265108626,0.11769633006753458,1920x1080,8
2023-01-01 00:00:00.144,0.9380021189677277,0.5188003040699894,3840x2160,12
2023-01-01 00:00:00.145,0.7460125076948232,0.8846022478815425,3840x2160,8
2023-01-01 00:00:00.146,0.9129645237691882,0.6767766137620359,1280x720,8
2023-01-01 00:00:00.147,0.9300973624775404,0.20116916822229314,1280x720,8
2023-01-01 00:00:00.148,0.8928718640470314,0.1940621757788435,3840x2160,8
2023-01-01 00:00:00.149,0.7656448789924146,0.6830076132482243,1920x1080,12
2023-01-01 00:00:00.150,0.9302286273272639,0.42538547020440476,1280x720,12
2023-01-01 00:00:00.151,0.8106062269568722,0.46271697149873314,1280x720,12
2023-01-01 00:00:00.152,0.9513146877427959,0.21450635296770085,1280x720,8
2023-01-01 00:00:00.153,0.7432491157259421,0.8286283117983588,1280x720,10
2023-01-01 00:00:00.154,0.8095137608020242,0.4132814765424695,1920x1080,10
2023-01-01 00:00:00.155,0.7387694522745892,0.5209321284923208,1920x1080,10
2023-01-01 00:00:00.156,0.7604648202349336,0.8988699202412763,3840x2160,10
2023-01-01 00:00:00.157,0.9201306817776818,0.8057048506052878,1920x1080,8
2023-01-01 00:00:00.158,0.7378669810278197,0.3899183084593776,1280x720,8
2023-01-01 00:00:00.159,0.9901769837766421,0.5765768798805627,1920x1080,12
2023-01-01 00:00:00.160,0.9736049894515089,0.6954692790365865,1280x720,12
2023-01-01 00:00:00.161,0.7971542553006398,0.6854098755048859,3840x2160,8
2023-01-01 00:00:00.162,0.798449413832296,0.6789385508206424,1280x720,12
2023-01-01 00:00:00.163,0.9637560689885003,0.15226820606245842,1280x720,12
2023-01-01 00:00:00.164,0.9564612124142836,0.5249319654393986,1280x720,12
2023-01-01 00:00:00.165,0.8796792543551099,0.6407369583932743,1280x720,12
2023-01-01 00:00:00.166,0.870224166655686,0.35472948971017504,1920x1080,12
2023-01-01 00:00:00.167,0.7344293562787776,0.4430064901011429,3840x2160,10
2023-01-01 00:00:00.168,0.9129448644955993,0.8779701242518961,1280x720,8
2023-01-01 00:00:00.169,0.8472225258168639,0.1878962539334114,1280x720,8
2023-01-01 00:00:00.170,0.7913083464112691,0.37686000546075893,3840x2160,10
2023-01-01 00:00:00.171,0.7321150922555678,0.5157062269048834,3840x2160,8
2023-01-01 00:00:00.172,0.7842508979661085,0.8125159825489779,3840x2160,10
2023-01-01 00:00:00.173,0.8353826349000895,0.5460301780767844,1920x1080,10
2023-01-01 00:00:00.174,0.8552320615357926,0.7460771568381136,1280x720,10
2023-01-01 00:00:00.175,0.8118442466763869,0.3163315351256457,1280x720,8
2023-01-01 00:00:00.176,0.789539787890755,0.7414678867032649,1280x720,10
2023-01-01 00:00:00.177,0.7537033891902526,0.7211845203948711,3840x2160,10
2023-01-01 00:00:00.178,0.7586368725593562,0.7721735608912149,1920x1080,10
2023-01-01 00:00:00.179,0.9937799494365134,0.13579347449603185,1280x720,8
2023-01-01 00:00:00.180,0.9070882478071821,0.31331754516368077,1920x1080,8
2023-01-01 00:00:00.181,0.9105125819855144,0.3869396985400235,1280x720,8
2023-01-01 00:00:00.182,0.8702075263538115,0.3363372611177623,1280x720,8
2023-01-01 00:00:00.183,0.8034562221297263,0.4699762355128281,1280x720,10
2023-01-01 00:00:00.184,0.9084294542152471,0.4066370775060989,1280x720,10
2023-01-01 00:00:00.185,0.7868866221028259,0.7735588318898812,3840x2160,8
2023-01-01 00:00:00.186,0.8491046042305082,0.4896476287877377,1920x1080,8
2023-01-01 00:00:00.187,0.8082776706733144,0.5145168608861583,3840x2160,10
2023-01-01 00:00:00.188,0.9381254284808563,0.4417117975772331,1280x720,8
2023-01-01 00:00:00.189,0.905910350807793,0.12574772050202868,1920x1080,8
2023-01-01 00:00:00.190,0.8542867278284116,0.21904037727024878,1280x720,8
2023-01-01 00:00:00.191,0.9033851795164733,0.7599534865618646,3840x2160,10
2023-01-01 00:00:00.192,0.8221744244098516,0.802709043248362,1280x720,10
2023-01-01 00:00:00.193,0.7639206461618019,0.2687271808134318,3840x2160,8
2023-01-01 00:00:00.194,0.9756531645660005,0.34156064770013916,3840x2160,12
2023-01-01 00:00:00.195,0.9979241614236629,0.2798617119296276,3840x2160,8
2023-01-01 00:00:00.196,0.7787762769468065,0.17326430254109154,1920x1080,12
2023-01-01 00:00:00.197,0.9934688255630484,0.6518075682002482,1280x720,12
2023-01-01 00:00:00.198,0.7131217266102835,0.5387963144887242,1920x1080,10
2023-01-01 00:00:00.199,0.8186450651149166,0.32474687661452395,1280x720,8
2023-01-01 00:00:00.200,0.8074583130849218,0.13426654107006222,3840x2160,12
2023-01-01 00:00:00.201,0.7931442906581033,0.6912672978504684,3840x2160,10
2023-01-01 00:00:00.202,0.9292611703333755,0.1334221520625728,3840x2160,10
2023-01-01 00:00:00.203,0.7576136995623706,0.6349822233980201,1920x1080,8
2023-01-01 00:00:00.204,0.8421618786477484,0.7925368815568004,1280x720,10
2023-01-01 00:00:00.205,0.9270916767859463,0.7536231569765427,1280x720,10
2023-01-01 00:00:00.206,0.8153744311461071,0.8018167432839973,1280x720,12
2023-01-01 00:00:00.207,0.751497563796741,0.22984548128172133,1280x720,10
2023-01-01 00:00:00.208,0.7305276896396627,0.5645871683389716,3840x2160,12
2023-01-01 00:00:00.209,0.7720832506077837,0.8038722568830471,1920x1080,10
2023-01-01 00:00:00.210,0.8304192307860017,0.5497205314090624,1920x1080,12
2023-01-01 00:00:00.211,0.852182331769072,0.6165112283977794,3840x2160,12
2023-01-01 00:00:00.212,0.7410886551356636,0.8995934281289969,3840x2160,8
2023-01-01 00:00:00.213,0.8177849319557997,0.8854234206206454,1920x1080,12
2023-01-01 00:00:00.214,0.9441207401467548,0.17604583787694789,1920x1080,10
2023-01-01 00:00:00.215,0.9120929589166712,0.4786634190754182,1920x1080,8
2023-01-01 00:00:00.216,0.7828181738062737,0.4212517172172695,1920x1080,10
2023-01-01 00:00:00.217,0.8786101971475087,0.6520242080816538,1280x720,10
2023-01-01 00:00:00.218,0.7528217754970493,0.2588608388785654,3840x2160,12
2023-01-01 00:00:00.219,0.877682650585348,0.11552830631858396,3840x2160,10
2023-01-01 00:00:00.220,0.7050986288311388,0.32258411499917805,1280x720,8
2023-01-01 00:00:00.221,0.7065231730479851,0.5877420205590979,1280x720,8
2023-01-01 00:00:00.222,0.7786928564405299,0.47703572240409753,3840x2160,8
2023-01-01 00:00:00.223,0.9220630206873236,0.23667330156986577,1920x1080,12
2023-01-01 00:00:00.224,0.9586061140500096,0.3955188715511594,1920x1080,8
2023-01-01 00:00:00.225,0.9857657747044497,0.4302893709625403,3840x2160,12
2023-01-01 00:00:00.226,0.8105137247653281,0.40564223906231245,3840x2160,10
2023-01-01 00:00:00.227,0.7372621325449761,0.32774150846440764,1280x720,12
2023-01-01 00:00:00.228,0.9965153187530098,0.18895906228887238,1280x720,12
2023-01-01 00:00:00.229,0.8832300607435305,0.3141578935113656,1280x720,10
2023-01-01 00:00:00.230,0.973887190218537,0.7119871120907039,1920x1080,8
2023-01-01 00:00:00.231,0.8191810301594691,0.4345874937203428,1920x1080,8
2023-01-01 00:00:00.232,0.8576686927034357,0.8749653395873485,3840x2160,10
2023-01-01 00:00:00.233,0.7483228930506787,0.6777748020743728,3840x2160,8
2023-01-01 00:00:00.234,0.7644568191722727,0.2538209568404984,1280x720,8
2023-01-01 00:00:00.235,0.9120756397158455,0.7374486335426665,3840x2160,10
2023-01-01 00:00:00.236,0.9461879479767247,0.606906557926908,3840x2160,10
2023-01-01 00:00:00.237,0.8685396133650919,0.17347944239245533,1280x720,10
2023-01-01 00:00:00.238,0.8889681673679011,0.3915542189791743,3840x2160,8
2023-01-01 00:00:00.239,0.7677677420398912,0.7842213071024178,3840x2160,10
2023-01-01 00:00:00.240,0.7960582415124572,0.6397238412815808,1280x720,12
2023-01-01 00:00:00.241,0.832001943977128,0.22885692281958392,3840x2160,12
2023-01-01 00:00:00.242,0.7485863622923347,0.7138558981637791,1280x720,12
2023-01-01 00:00:00.243,0.7736968336305006,0.18310841479629814,3840x2160,8
2023-01-01 00:00:00.244,0.9726956434670182,0.6042218315131908,3840x2160,8
2023-01-01 00:00:00.245,0.9023205271689332,0.7667695687564502,3840x2160,8
2023-01-01 00:00:00.246,0.813021904699261,0.36062744504250555,1280x720,12
2023-01-01 00:00:00.247,0.7992796811248372,0.5543350471638632,3840x2160,8
2023-01-01 00:00:00.248,0.8242171022570867,0.46443553326578735,1920x1080,12
2023-01-01 00:00:00.249,0.8206877421386117,0.7049462497332674,1920x1080,12
2023-01-01 00:00:00.250,0.7265377603086379,0.5939927902290179,3840x2160,10
2023-01-01 00:00:00.251,0.9468840099445247,0.25750858923638353,3840x2160,12
2023-01-01 00:00:00.252,0.7459568647851045,0.10593678332118124,1920x1080,10
2023-01-01 00:00:00.253,0.9671615176303681,0.8054351580803972,1920x1080,12
2023-01-01 00:00:00.254,0.9667571742576927,0.2452551536058608,1920x1080,10
2023-01-01 00:00:00.255,0.8109637033576939,0.21972457466895517,3840x2160,12
2023-01-01 00:00:00.256,0.8657827139969554,0.5772452831851419,3840x2160,10
2023-01-01 00:00:00.257,0.7638100476465436,0.8889623813696788,1280x720,10
2023-01-01 00:00:00.258,0.9020595862269688,0.6896681935678425,1280x720,8
2023-01-01 00:00:00.259,0.9907216278586197,0.30523384710443696,1920x1080,12
2023-01-01 00:00:00.260,0.9180833740918508,0.43711667627541084,1920x1080,10
2023-01-01 00:00:00.261,0.8373809270179121,0.5275606279853395,3840x2160,12
2023-01-01 00:00:00.262,0.7542727606122855,0.409205148632132,1280x720,12
2023-01-01 00:00:00.263,0.9606018796299758,0.8260140091122079,1280x720,8
2023-01-01 00:00:00.264,0.7940678095442476,0.20977493650413737,1280x720,10
2023-01-01 00:00:00.265,0.9920592379796633,0.5769178055271459,3840x2160,8
2023-01-01 00:00:00.266,0.8171913288693886,0.4519742232967281,3840x2160,10
2023-01-01 00:00:00.267,0.9917176490777309,0.12918094382860812,3840x2160,10
2023-01-01 00:00:00.268,0.7864814596531281,0.36036684914974626,1920x1080,12
2023-01-01 00:00:00.269,0.886631923494636,0.3245457849885608,3840x2160,12
2023-01-01 00:00:00.270,0.8895956419815529,0.2612297105342062,3840x2160,12
2023-01-01 00:00:00.271,0.8618079190009953,0.21225281978672506,1920x1080,8
2023-01-01 00:00:00.272,0.8747209571496546,0.8734434958323697,3840x2160,8
2023-01-01 00:00:00.273,0.7593928702696329,0.6265081466854763,1920x1080,12
2023-01-01 00:00:00.274,0.7692531289392919,0.8459148062023857,1280x720,10
2023-01-01 00:00:00.275,0.758047099768853,0.10136325716508221,3840x2160,10
2023-01-01 00:00:00.276,0.879760957077134,0.897164038557371,1280x720,12
2023-01-01 00:00:00.277,0.8747041766118331,0.5182306310257273,1280x720,10
2023-01-01 00:00:00.278,0.9793495217192586,0.7420139083969038,3840x2160,10
2023-01-01 00:00:00.279,0.8808288947699621,0.16787426143837375,3840x2160,8
2023-01-01 00:00:00.280,0.8261856220093621,0.3205684775903393,1920x1080,10
2023-01-01 00:00:00.281,0.9725629135518531,0.43410740082902144,3840x2160,10
2023-01-01 00:00:00.282,0.9409635345527816,0.7080348674188627,1280x720,12
2023-01-01 00:00:00.283,0.8824674396338492,0.21185488592943252,3840x2160,10
2023-01-01 00:00:00.284,0.8359718651185903,0.3860957803413906,3840x2160,10
2023-01-01 00:00:00.285,0.9804650905169592,0.3064700109499403,1920x1080,12
2023-01-01 00:00:00.286,0.7515085205803023,0.34383677630317167,1280x720,12
2023-01-01 00:00:00.287,0.7985362411854418,0.18731303875108063,1920x1080,10
2023-01-01 00:00:00.288,0.7370122693043162,0.29034892077663677,1920x1080,10
2023-01-01 00:00:00.289,0.9227411611733121,0.37089198526167144,3840x2160,8
2023-01-01 00:00:00.290,0.7976113200361252,0.47577097753217534,3840x2160,12
2023-01-01 00:00:00.291,0.8063604745235023,0.6620989251845517,1280x720,8
2023-01-01 00:00:00.292,0.7044527676923533,0.8390515098292298,1920x1080,12
2023-01-01 00:00:00.293,0.7110783208995981,0.3217012896835336,1280x720,12
2023-01-01 00:00:00.294,0.8198649071420258,0.3010074890359289,1920x1080,12
2023-01-01 00:00:00.295,0.8347194754094777,0.15661261728748352,3840x2160,12
2023-01-01 00:00:00.296,0.899099833901995,0.5105726678303896,1280x720,10
2023-01-01 00:00:00.297,0.7622626296033551,0.19995881120021047,3840x2160,10
2023-01-01 00:00:00.298,0.7701889794027478,0.42316100245872845,1920x1080,8
2023-01-01 00:00:00.299,0.867090062987687,0.3531563387646296,3840x2160,8
2023-01-01 00:00:00.300,0.9455717677275319,0.3316673204434357,3840x2160,12
2023-01-01 00:00:00.301,0.9735296934328008,0.6090232154378133,1280x720,12
2023-01-01 00:00:00.302,0.9703457520987779,0.6165825490750702,1920x1080,10
2023-01-01 00:00:00.303,0.9391752470351171,0.6570616198839828,3840x2160,12
2023-01-01 00:00:00.304,0.7967746401601874,0.5215755019741797,1920x1080,8
2023-01-01 00:00:00.305,0.7045636030980973,0.5251298215164073,3840x2160,12
2023-01-01 00:00:00.306,0.9957517869413317,0.13884344224445028,3840x2160,10
2023-01-01 00:00:00.307,0.8189476079495773,0.5009898369979743,1280x720,8
2023-01-01 00:00:00.308,0.7841362586756131,0.20813248931548617,3840x2160,12
2023-01-01 00:00:00.309,0.7827012180239707,0.28507639726866996,1920x1080,12
2023-01-01 00:00:00.310,0.87503947782786,0.32249110866704345,3840x2160,8
2023-01-01 00:00:00.311,0.918223537437074,0.8137518810801342,3840x2160,10
2023-01-01 00:00:00.312,0.9478757772308113,0.4072511781502387,3840x2160,8
2023-01-01 00:00:00.313,0.745474872118662,0.6965704594449603,1280x720,12
2023-01-01 00:00:00.314,0.7548740449129294,0.16444537464036496,3840x2160,10
2023-01-01 00:00:00.315,0.9714217801457727,0.15485440775315357,1920x1080,12
2023-01-01 00:00:00.316,0.7487910818529389,0.30391604732454686,1920x1080,12
2023-01-01 00:00:00.317,0.713214747761825,0.5896181304484661,1280x720,10
2023-01-01 00:00:00.318,0.7987517432718889,0.2586863064608953,1280x720,8
2023-01-01 00:00:00.319,0.8725894796764351,0.44600514339305575,1280x720,10
2023-01-01 00:00:00.320,0.8866441698976884,0.7901643551790548,1280x720,12
2023-01-01 00:00:00.321,0.8217557751047257,0.7383920359476069,3840x2160,12
2023-01-01 00:00:00.322,0.9726302836584912,0.7868603466676236,1280x720,12
2023-01-01 00:00:00.323,0.9658437970907543,0.532509665097315,1280x720,8
2023-01-01 00:00:00.324,0.8513911649154414,0.22243281321718833,1280x720,8
2023-01-01 00:00:00.325,0.9882256965336369,0.6194817221336465,1280x720,12
2023-01-01 00:00:00.326,0.713837489003426,0.6753960699803956,1280x720,12
2023-01-01 00:00:00.327,0.8522501119105167,0.12335791935954017,1280x720,10
2023-01-01 00:00:00.328,0.8267582745064406,0.6098136323753292,1920x1080,12
2023-01-01 00:00:00.329,0.8740708542847172,0.7258801306510378,1920x1080,8
2023-01-01 00:00:00.330,0.7663808004383296,0.8976354044532483,3840x2160,12
2023-01-01 00:00:00.331,0.9974742701663204,0.13689234704415815,1280x720,10
2023-01-01 00:00:00.332,0.8184821485388902,0.6917266747015316,1280x720,12
2023-01-01 00:00:00.333,0.7596902884163316,0.5710984018501325,1280x720,8
2023-01-01 00:00:00.334,0.9512982302978215,0.8880759729948121,1920x1080,10
2023-01-01 00:00:00.335,0.7121123423834653,0.8893932543368923,1280x720,8
2023-01-01 00:00:00.336,0.9721205513744968,0.5573734958683684,3840x2160,8
2023-01-01 00:00:00.337,0.8090401156711311,0.18957371661927003,3840x2160,8
2023-01-01 00:00:00.338,0.9474942548984187,0.3506704405635309,1280x720,8
2023-01-01 00:00:00.339,0.7299149787621239,0.10321421826923,3840x2160,10
2023-01-01 00:00:00.340,0.7352345680196524,0.5158542039883359,3840x2160,8
2023-01-01 00:00:00.341,0.9096128999126233,0.5050662572883794,1920x1080,10
2023-01-01 00:00:00.342,0.8049857605066583,0.46841901718036716,1920x1080,8
2023-01-01 00:00:00.343,0.8994887526078854,0.8004725320092131,3840x2160,8
2023-01-01 00:00:00.344,0.8139288417762678,0.3314194436395661,1920x1080,8
2023-01-01 00:00:00.345,0.9311581617928553,0.1665372093926008,1280x720,8
2023-01-01 00:00:00.346,0.7912549769832585,0.7992858430845411,1920x1080,12
2023-01-01 00:00:00.347,0.9851993182247001,0.2210427428291844,1920x1080,12
2023-01-01 00:00:00.348,0.7628785467396723,0.5356050366158953,1920x1080,10
2023-01-01 00:00:00.349,0.9835566436781558,0.18699898665913955,1920x1080,10
2023-01-01 00:00:00.350,0.7048424180159755,0.7137389197012921,1920x1080,12
2023-01-01 00:00:00.351,0.8775157926588953,0.3508765959136132,3840x2160,12
2023-01-01 00:00:00.352,0.9845346585974426,0.7224461187562036,1280x720,10
2023-01-01 00:00:00.353,0.7196756955152778,0.15114605917081134,1280x720,8
2023-01-01 00:00:00.354,0.7134667739034519,0.5293559999642558,3840x2160,10
2023-01-01 00:00:00.355,0.873562490407379,0.43576644701210643,1280x720,8
2023-01-01 00:00:00.356,0.8685361430227426,0.26145251683501325,1920x1080,10
2023-01-01 00:00:00.357,0.9944985781136424,0.5445892826623256,1920x1080,10
2023-01-01 00:00:00.358,0.7478107194313675,0.7733409291857891,1920x1080,12
2023-01-01 00:00:00.359,0.7046659095794925,0.1340735222058146,1280x720,10
2023-01-01 00:00:00.360,0.8552053007310734,0.24962122645403487,3840x2160,12
2023-01-01 00:00:00.361,0.7249843009529174,0.8924797140749797,1280x720,10
2023-01-01 00:00:00.362,0.7617721429405916,0.49690684255104667,3840x2160,12
2023-01-01 00:00:00.363,0.800183374618954,0.857005609426739,1280x720,10
2023-01-01 00:00:00.364,0.9979938476729837,0.6696083258197587,1920x1080,10
2023-01-01 00:00:00.365,0.9906075959655538,0.6446510481826659,3840x2160,8
2023-01-01 00:00:00.366,0.7141979077188253,0.8559327846826309,3840x2160,10
2023-01-01 00:00:00.367,0.8266047903175364,0.13012700946063074,3840x2160,12
2023-01-01 00:00:00.368,0.9285533738375076,0.8683914440654358,3840x2160,10
2023-01-01 00:00:00.369,0.863320640502568,0.5729940720824994,3840x2160,10
2023-01-01 00:00:00.370,0.8890964469791852,0.4802889631892203,1920x1080,10
2023-01-01 00:00:00.371,0.9058660169199829,0.8318227627496434,1280x720,12
2023-01-01 00:00:00.372,0.8809385123722874,0.6616481435957923,3840x2160,8
2023-01-01 00:00:00.373,0.9531162840345011,0.3819601482915548,3840x2160,12
2023-01-01 00:00:00.374,0.7779907481795763,0.6538973806589686,1920x1080,10
2023-01-01 00:00:00.375,0.915623399065959,0.3570262220621465,3840x2160,8
2023-01-01 00:00:00.376,0.9906997656346432,0.777705433850753,1280x720,8
2023-01-01 00:00:00.377,0.8322244890530976,0.6785650712796788,3840x2160,8
2023-01-01 00:00:00.378,0.8398717580757218,0.8309221421614831,3840x2160,12
2023-01-01 00:00:00.379,0.7013800011043885,0.41096359772980695,1920x1080,8
2023-01-01 00:00:00.380,0.828231045727355,0.3642423428349695,3840x2160,12
2023-01-01 00:00:00.381,0.7888954728567393,0.3411916777783254,1920x1080,12
2023-01-01 00:00:00.382,0.9978498938146969,0.875196501267777,1920x1080,12
2023-01-01 00:00:00.383,0.884277694292246,0.39595141420854574,1280x720,12
2023-01-01 00:00:00.384,0.7690853837717955,0.6548434665179685,3840x2160,8
2023-01-01 00:00:00.385,0.9622706179045082,0.5708065275029973,1280x720,10
2023-01-01 00:00:00.386,0.8131595227995699,0.44532858595355473,3840x2160,12
2023-01-01 00:00:00.387,0.8769310285593196,0.6410768426364484,3840x2160,10
2023-01-01 00:00:00.388,0.7708987276784678,0.6065857311523144,3840x2160,12
2023-01-01 00:00:00.389,0.9439980557122718,0.10274629418804962,3840x2160,12
2023-01-01 00:00:00.390,0.9528231482657237,0.6279765201683496,1280x720,8
2023-01-01 00:00:00.391,0.9510282624199635,0.6549861755077677,3840x2160,12
2023-01-01 00:00:00.392,0.7666286101694078,0.8191150037155761,1920x1080,8
2023-01-01 00:00:00.393,0.9613826733824059,0.3766819909558944,1280x720,12
2023-01-01 00:00:00.394,0.995671817369397,0.456473214811273,1280x720,8
2023-01-01 00:00:00.395,0.9834923748633352,0.3343501109602135,1280x720,12
2023-01-01 00:00:00.396,0.7543289658540733,0.7765133097014065,1280x720,12
2023-01-01 00:00:00.397,0.779535326887666,0.14851241350990946,1280x720,12
2023-01-01 00:00:00.398,0.9805053919245998,0.692288883166254,1920x1080,10
2023-01-01 00:00:00.399,0.9491211336046971,0.28470053718646526,1280x720,10
2023-01-01 00:00:00.400,0.7570538514111469,0.8495786225948987,1920x1080,8
2023-01-01 00:00:00.401,0.959822083851759,0.6277346138674653,1920x1080,12
2023-01-01 00:00:00.402,0.9608670583345718,0.7002248939799872,3840x2160,12
2023-01-01 00:00:00.403,0.7538878008196801,0.45472118669669237,1920x1080,8
2023-01-01 00:00:00.404,0.7123911171806714,0.4103791719570713,1920x1080,8
2023-01-01 00:00:00.405,0.7191067373987853,0.7868307000098426,1920x1080,10
2023-01-01 00:00:00.406,0.9221699267650794,0.23202281629793006,1920x1080,8
2023-01-01 00:00:00.407,0.8378801881040294,0.414395756501727,3840x2160,10
2023-01-01 00:00:00.408,0.9003581297717278,0.25060710363884087,1920x1080,10
2023-01-01 00:00:00.409,0.8400530776068906,0.40829129434553135,3840x2160,8
2023-01-01 00:00:00.410,0.7001700103929539,0.316181616564314,1280x720,10
2023-01-01 00:00:00.411,0.7960449367159367,0.6671544003744614,1280x720,12
2023-01-01 00:00:00.412,0.7248788575846739,0.8027172586558103,1280x720,10
2023-01-01 00:00:00.413,0.9212636675425562,0.8351711534070065,3840x2160,12
2023-01-01 00:00:00.414,0.7360617138805202,0.10485802815645942,1280x720,10
2023-01-01 00:00:00.415,0.8232329619083951,0.8168797873258064,1920x1080,12
2023-01-01 00:00:00.416,0.7234638085307954,0.34215188297326704,1920x1080,12
2023-01-01 00:00:00.417,0.913209056258884,0.36445484379025495,1920x1080,10
2023-01-01 00:00:00.418,0.8384619398996194,0.6120402435874057,3840x2160,10
2023-01-01 00:00:00.419,0.8810111429480035,0.2516482969595744,3840x2160,12
2023-01-01 00:00:00.420,0.8966318915896135,0.616102388529739,1920x1080,8
2023-01-01 00:00:00.421,0.754026245475099,0.7609436441045169,1280x720,12
2023-01-01 00:00:00.422,0.9712218327995474,0.46230516265671384,3840x2160,10
2023-01-01 00:00:00.423,0.788941791882791,0.5461914186147634,3840x2160,12
2023-01-01 00:00:00.424,0.7943108056913606,0.6703217516018913,1280x720,12
2023-01-01 00:00:00.425,0.8651530129926002,0.46458081164187237,3840x2160,10
2023-01-01 00:00:00.426,0.8320913065531333,0.4885332765236863,1280x720,10
2023-01-01 00:00:00.427,0.7795351041427467,0.26458590072789634,3840x2160,8
2023-01-01 00:00:00.428,0.9765686530565177,0.13928611720005604,1920x1080,8
2023-01-01 00:00:00.429,0.7484733745069132,0.8384363239497375,1920x1080,8
2023-01-01 00:00:00.430,0.7471035117818543,0.8902752228884768,1280x720,10
2023-01-01 00:00:00.431,0.8797665248561252,0.4665998764224567,3840x2160,8
2023-01-01 00:00:00.432,0.828986659447191,0.1823996773180223,1920x1080,8
2023-01-01 00:00:00.433,0.9175274407293443,0.5837876639510479,1280x720,8
2023-01-01 00:00:00.434,0.979694854885176,0.4633436314950441,1280x720,12
2023-01-01 00:00:00.435,0.7736612336542499,0.1905979010432237,3840x2160,12
2023-01-01 00:00:00.436,0.7651763302196504,0.18028986199470662,1280x720,12
2023-01-01 00:00:00.437,0.7598792533044707,0.42681229002657195,3840x2160,10
2023-01-01 00:00:00.438,0.9730022584355287,0.27630022148857925,1920x1080,12
2023-01-01 00:00:00.439,0.7596395364255614,0.31629188404809605,1280x720,12
2023-01-01 00:00:00.440,0.8281506947919753,0.8287695727314172,1280x720,10
2023-01-01 00:00:00.441,0.8115090829082126,0.6882348152900554,1280x720,8
2023-01-01 00:00:00.442,0.9487526669451751,0.7750712818421625,1280x720,10
2023-01-01 00:00:00.443,0.7839292712793079,0.2787226555362941,1920x1080,10
2023-01-01 00:00:00.444,0.8106154880344256,0.7907403231871097,3840x2160,8
2023-01-01 00:00:00.445,0.9352482223167045,0.38616359480251006,3840x2160,10
2023-01-01 00:00:00.446,0.7183147691074824,0.6093984741843729,1280x720,12
2023-01-01 00:00:00.447,0.8304719947870434,0.16600646888964068,1280x720,10
2023-01-01 00:00:00.448,0.8608456270168601,0.4658419465601057,1280x720,10
2023-01-01 00:00:00.449,0.8233556000951806,0.11505398487427804,1920x1080,10
2023-01-01 00:00:00.450,0.7416038553607568,0.7622472727726005,1280x720,12
2023-01-01 00:00:00.451,0.7792061721824619,0.37253452011100086,3840x2160,8
2023-01-01 00:00:00.452,0.9909555226253024,0.7547179034161257,3840x2160,8
2023-01-01 00:00:00.453,0.7041693734876507,0.6632362924836867,3840x2160,8
2023-01-01 00:00:00.454,0.7273540418593305,0.5668870745474747,3840x2160,8
2023-01-01 00:00:00.455,0.8033997377981905,0.813999783444464,1920x1080,10
2023-01-01 00:00:00.456,0.7529254317250416,0.7813020111880593,1280x720,10
2023-01-01 00:00:00.457,0.9384375221539829,0.3600695973116874,3840x2160,10
2023-01-01 00:00:00.458,0.9997566923568791,0.6447374514614093,1280x720,8
2023-01-01 00:00:00.459,0.7187368370565135,0.6161418243986169,1280x720,8
2023-01-01 00:00:00.460,0.7269969859057173,0.255468341540793,1280x720,10
2023-01-01 00:00:00.461,0.9685795136335023,0.6085154041468299,1920x1080,12
2023-01-01 00:00:00.462,0.7705645913504592,0.7343367019784341,3840x2160,10
2023-01-01 00:00:00.463,0.879624765505312,0.4097137201731117,3840x2160,12
2023-01-01 00:00:00.464,0.7291127059468626,0.435291990365834,1280x720,10
2023-01-01 00:00:00.465,0.8874302709545236,0.22505009230523154,3840x2160,10
2023-01-01 00:00:00.466,0.9808920927623628,0.5265883113487478,1920x1080,10
2023-01-01 00:00:00.467,0.9458856429540731,0.6841235371805988,1920x1080,10
2023-01-01 00:00:00.468,0.8021207744961861,0.15040584467988405,1280x720,10
2023-01-01 00:00:00.469,0.9609079991872871,0.1265485651357456,1280x720,10
2023-01-01 00:00:00.470,0.8746440132210285,0.23010952303176513,1920x1080,8
2023-01-01 00:00:00.471,0.9877436192859154,0.22047376410625585,3840x2160,12
2023-01-01 00:00:00.472,0.7580471379180838,0.26295483352013194,1920x1080,10
2023-01-01 00:00:00.473,0.7766982786207598,0.46737913329026404,1280x720,12
2023-01-01 00:00:00.474,0.8925591400736668,0.6040409143551647,3840x2160,10
2023-01-01 00:00:00.475,0.8325629297844022,0.689054147277204,3840x2160,8
2023-01-01 00:00:00.476,0.742317385881556,0.5679249031197727,1280x720,8
2023-01-01 00:00:00.477,0.7063667417396511,0.5884807684688945,1280x720,12
2023-01-01 00:00:00.478,0.7567040514607115,0.220350019439924,1280x720,8
2023-01-01 00:00:00.479,0.7340548874010631,0.5028437151237538,1920x1080,12
2023-01-01 00:00:00.480,0.7979995474457628,0.8861924545638082,1920x1080,8
2023-01-01 00:00:00.481,0.874120674227395,0.2375555481268548,1920x1080,12
2023-01-01 00:00:00.482,0.9137841646944402,0.4216381972468092,1920x1080,12
2023-01-01 00:00:00.483,0.7632054653699463,0.49491399024683147,1920x1080,8
2023-01-01 00:00:00.484,0.7863376788895764,0.7222856499563042,1920x1080,12
2023-01-01 00:00:00.485,0.8119297388673882,0.10020034682591401,1920x1080,8
2023-01-01 00:00:00.486,0.9790449831438897,0.7369859938997378,1920x1080,8
2023-01-01 00:00:00.487,0.7991194695590258,0.8273346511577756,1920x1080,12
2023-01-01 00:00:00.488,0.972963834277359,0.2942620229852014,1920x1080,10
2023-01-01 00:00:00.489,0.7560322915118155,0.33676012568472324,3840x2160,12
2023-01-01 00:00:00.490,0.8134164741087978,0.8286016862899103,1920x1080,8
2023-01-01 00:00:00.491,0.8344598897214068,0.6456223382549611,1280x720,10
2023-01-01 00:00:00.492,0.9673434265952691,0.8597917255455586,1280x720,12
2023-01-01 00:00:00.493,0.9883774158065142,0.8986113693258102,1280x720,12
2023-01-01 00:00:00.494,0.9929802034553439,0.3639506402926632,3840x2160,10
2023-01-01 00:00:00.495,0.8246109611203833,0.5534976264970703,3840x2160,12
2023-01-01 00:00:00.496,0.9762027059490219,0.21987977063517894,3840x2160,8
2023-01-01 00:00:00.497,0.9517060680910567,0.5565038630893355,3840x2160,12
2023-01-01 00:00:00.498,0.7018018432471884,0.6107641778423697,3840x2160,10
2023-01-01 00:00:00.499,0.7162824813869533,0.3057284972465679,1280x720,10
